{
  "project_info": {
    "project_number": "295102380826",
    "project_id": "blood-donation-fa288",
    "storage_bucket": "blood-donation-fa288.appspot.com"
  },
  "client": [
    {
      "client_info": {
        "mobilesdk_app_id": "1:295102380826:android:396ac914cdda7c978bcaa3",
        "android_client_info": {
          "package_name": "com.example.project"
        }
      },
      "oauth_client": [
        {
          "client_id": "295102380826-dnt2bchgv7fouac5uli9625fgd3nf43p.apps.googleusercontent.com",
          "client_type": 3
        }
      ],
      "api_key": [
        {
          "current_key": "AIzaSyBSPI-3nNWLmeAWIlFMUhJAsEhiH7beui4"
        }
      ],
      "services": {
        "appinvite_service": {
          "other_platform_oauth_client": [
            {
              "client_id": "295102380826-dnt2bchgv7fouac5uli9625fgd3nf43p.apps.googleusercontent.com",
              "client_type": 3
            }
          ]
        }
      }
    }
  ],
  "configuration_version": "1"
}